nan,nan,nan,nan,nan,nan,nan,nan
3.611860044138655,4.193012580243455,0.6019852073085515,5.9495367841079725,-3.3070469736024446,1.8462932296746721,-5.46604354753845,0.6984087368314373
